full_text,class
@sobat_anies 2. Keliru,1
@dccomm_gov Padat,0
"@islah_bahrawi @kangdede78 Pakar radikal radikul kok bawakata agama sih ðŸ˜‚ Kalo pendukung anies bawa""agama gak dibolehin ama lu mbak islah?""",1
"@lengkongtweets @Avolanza Emg otak bengkok lu ya, panas juga gue, asal lu tau akun tiktok gue udah 11k follower ke take down karen gue posting ttg perubahan anies baswedan dan penderitaa israhell.. jgn asal bacot lu.. stiap tulisan ada pertanggung jawaban di akhirat, paham agama islm gak lu.. marah kan ak",1
"Puji Anies Baswedan sebagai Pemimpin Masa Depan, Tokoh Muhammadiyah Optimistis Menang di Kandang Banteng https://t.co/UW0GqSISIB https://t.co/UW0GqSISIB",2
"@OposisiCerdas Utk itulah Indonesia butuh perubahan, ganti presiden dgn sosok yg tdk terafiliasi dgn rezim sekarang.  Solusi utk memperbaiki carut marut bangsa ini adalah pilih ANIES jadi presiden pada pilpres 2024 nanti.",2
mimpi pak aniesðŸ¤£,1
"@andre_rosiade @saifulmujani Kok goblok amat sih!! Lihat kenyataan, sejak dari Bukittingi sampai Aceh sana berjubel rakyat menyambut Anies, ini malah masih percaya survei gadungan",1
@detikcom Tipikal Anies Baswedan banget.... Suka nebeng....,1
Sunggulah harum si daun pandan. Daun dibuat bikin ketupat . Inilah dia pak Anies Baswedan. Presiden kita di 2024. ðŸ‘ðŸ˜‚ https://t.co/MaxR82NxHv,2
"@Tita83079013 Begitu indahnya Indonesia ini. Sehingg Manusia bejat dan minoritas seperti si @Tita83079013 ini seenak jidatnya memprovokasi ummat Islam yang sedang berduka karena saudaranya di Palestina dibantai. Kita bandingkan kalau dia yang mayoritas seperti di Myanmar, China, Amerika.",1
InsyaAllah Anies,2
"@Geyelicius @fotodakwah Jilat terus..  Hizbullah yg Syiah saja lebih berguna drpd rezim Wahabi yg kalian jilat  Mrk mmg Syiah, terlepas dr taqiyah mrk, setidaknya mereka melepaskan roket dan rudal ke Israel  Kalian menangkis roket ke Israel",1
"@ganjarpranowo Padahal bukannya partai paling banyak kader nye di tangkap adalah PDI P, Insya Allah Anies RI.1",2
Trick pak jokowi sudah bisa di baca  Dia mau si ganjar pranowo menang  Tapi dia ga mau anies ada harapan  Jadi dia majukan Anak nya dan prabowo,1
@NovalAssegaf mudah mudahan pa Anies terpilih menjadi pemimpin Indonesia agar bisa bersama dengan Erdogan ðŸ¤²,2
"@tvOneNews Dulu berantakan krna di pimpin si merah, skrng mau di pimpin si merah lagiâ€¦ogah ah, Insya Allah Anies RI.1",2
Pasca putusan MK tema keberlanjutan akan diusung oleh Prabowo kubu Ganjar mulai pudar dengan tema ini  tema yg diciptakan kedepan nanti adalah yg pro politik dinasti (Prabowo) melawan yg anti dinasti (Ganjar Anies)  itu akan otomatis terbentuk di masyarakat,0
@detikcom Ayo demo setiap hari ..biar suara kita di dengar bila mana perlu perkantoran tutup negeri atau swasta...ayo pak anies,1
"@liputan6dotcom Pura2 aja kalian itu, sejati kalian itu sama, mau Ganjar mau Prabowo sebenarnya satu misi satu bossâ€¦Insya Allah Anies RI.1 Aamiinn",2
@RagilSemar @JokoLipService @Gamal_Albinsaid Yuk bisa yukâ€¦jangan sampe DKI setelah era pak Anies mengalami kemunduran kembali sepeti saat ini dipegang gubernur give away,1
@yunartowijaya Anies sama Ganjar masuk putaran ke 2 kayanya. Pemilih Prabowo terpecah 2 ada yang ke Anies ada yang ke Ganjar,0
"@nongandah @saidiman @saifulmujani Bgtu angkanya 50% ke atas pd gumbira krn takut kalo isu nepotisme, politik dinasti, ketidaknetralan &amp  demokrasi yg mendung jd isu bersama Ganjar &amp  Anies.",0
"@nieke_olivia Mari fokus pada penyebaran program dan rekam jejak Pak Anies, tidak perlu kampanye negatif. Fokus kepada Pak Anies, bukan ke yang lain.",2
Arab Saudi menjaga Israel  Ayo wahaboy jilat terus pantat Bani Saud @Geyelicius @fotodakwah,1
"Dulu sebelum putusan MK soal usia Capres/Cawapres  publik dipecah antara yg pro JKW dg tema keberlanjutan (Ganjar dan Prabowo) melawan yg antitesa JKW perubahan (Anies)  nanti tema itu berubah, saat ini gejalanya sih sudah terasa  ini penting utk melihat peta pilpres putaran2",0
Anies Baswedan Ajak Jemaah Haul Habib Ali Al-Habsyi di Solo Doakan Palestina https://t.co/YtwkuMdJhx,2
@Chaves1305 Paaaajooooohhhhhâ€¦.Insya Allah Anies RI.1,2
@andre_rosiade @saifulmujani Apa yg di ucapkan RG benar adanya anies melalui survei dbawah 20%ðŸ˜,1
"@kencana42106058 @DoankWarto Prabowor memang asli indonesia ?  Ayahnya Chinese, bahkan pernah melarikan diri dari indonesia karena terlibat pemberontakan PRRI.. benar, Anies keturunan Arab dan Ibunya seorang Sundanesse, tapi kakeknya anggota BPUPKI yang menyiapkan kemerdekaan Indonesia. Seorang Pahlawan.",1
"@umam27642118 @mohmahfudmd Siapa? Anies dan ganjar sudah Enggak menjabat. Tinggal @prabowo dan @mohmahfudmd . Kapan kalian mundur dari menteri, biar pilpres jurdil.",0
@Azri_Ardhani Ini yg tau saja..blm org yg tdk tau terus dikasih tau kalo pak Anies mau datang uwahhhhhhh..bisa gak muat itu gedung tumpah ruwah,2
"Pidato Anies utk Palestina   Pernahkan ibu2 bayangkan, Ibu melahirkan seorang anak juga menguburkan anak tsb. Bapak2 pernahkah membayangkan Bapak yg adzankan anak ketika lahir &amp  jg adzankan ketika anak itu mati ?? Itu yang terjadi saat ini di Palestina.   #FreePalestine ðŸ‡µðŸ‡¸ðŸ‡µðŸ‡¸ðŸ‡µðŸ‡¸ðŸ‡µðŸ‡¸ https://t.co/z1dSD62mz8",2
@choymarkochoy @erickthohir @KPU_ID @sobat_anies @yacoblaw2323 @Obay_Kusut1981 @satriohendri @Heraloebss @msaid_didu Itu meja badhogan semua ya . Untal semuanya ya toink. Besok juga jadi tokay bau...disgusting,1
@choymarkochoy @erickthohir @KPU_ID @sobat_anies @yacoblaw2323 @Obay_Kusut1981 @satriohendri @Heraloebss @msaid_didu Sama2 gemoy,1
"@aniesbaswedan Semoga Allah meridhoi keinginan kita. In syaa Allah  abdi"" harus mensukseskan hajat ente agan Anies. AMIN. !!!!""",2
"@mharisman @ismailfahmi Salah. Anies gak pernah shifting. Dari dulu emang liberal. Citra muslim konservatif"" kan framming yg dilakukan musuh dan pendukungnya Anies.""",1
Hanya Anies yang bisa selamatkan NKRI.. https://t.co/og0gaas5wZ,2
"Live Streaming Aksi Akbar Bela Palestina di Monas, Jakarta akan dihadiri 2 juta orang, ada Menteri Luar Negeri hingga Anies Baswedan.  #TribunKaltim #AksiAkbarBelaPalestina #Palestina #Palestine #Monas   https://t.co/oJDjTFBdgX lewat @tribunnews",0
"@Judakusumah1 @Menlu_RI @YaqutCQoumas @cholilnafis @YahyaCStaquf @HaedarNs @mohmahfudmd @aniesbaswedan @cakimiNOW https://t.co/LBza6VzQhc O iya, betul. Bu Menlu Retno hadir, juga ada Menag dan P Anies.",0
blunder tim anies ya milih dia jadi wakil..yang bikin gw masih golput sampe sekarang,1
@sobat_anies Keliru sekali... sama menjauhi rakyat,1
@BahrudinHm @DoankWarto @ganjarpranowo @mohmahfudmd Siapakah yg menentang kedatangan timnas Israel ke Indonesia.  Anies  ??? Bukan  Prabowo??? Bukan  Ganjar???  Ya dialah Ganjar Pranowo yg dengan lantang menentang kedatangan timnas Israel ke Indonesia sehingga dia dihujat oleh musuh2nya   Paham ya,1
"@KompasTV Waktu berbeda politik dg anies saja PDIP dan kader menyerang dari berbagai sisi, sedang kini jokowi terang terangan menabuh genderang perang dg PDIP dan organisasi politik itu lunglai tak berdaya, dan hancur.",1
"@DoankWarto ngapain bahas Anies gak penting ðŸ¤£, yg penting hari ini para pembenci SUDAHKAH HARI INI NONTON BOKEP"" ðŸ‘""",1
"@BiLLRaY2019 Pantesan demen banget menyerang prabowo &amp  anies, ternyata antek2 banteng toh ðŸ«¡ðŸ˜‚ðŸ˜‚ðŸ˜‚",1
@muhammadsyakur2 @andre_rosiade @saifulmujani And pendukung Anies ngga akan milih Ganjar juga ðŸ˜‚,0
Politisi Cantik Beberkan Sosok Anies Baswedan Sebenarnya: Bertemunya Saat SMA https://t.co/WBRV3wVyi5,0
"@NasDem AYO SIAPA YG MW HADIAH INI DGN SYARAT MW DI KLAIM SBG MASSA ANIES, BIAR KLO KALAH NANTO ADA ARGUMEN CURANG!!!! https://t.co/OuRYvFQtN8",1
"Ada kawanÂ² SPSI, Hidup Buruuuh âœŠðŸ¼âœŠðŸ¼âœŠðŸ¼ Buruh bersatu tak bisa dikalahkan  Terlihat Anies Baswedan juga dipanggung",1
"@MkomEliya @aniesbaswedan Lah kok bandingin aksi Palestina dgn Aksi Politik. Nggak punya hati lu. Ini kan agenda bersama, Puan aja kabarnya ikut. Udahlah mau ngomong apapun Fondasi 212 itu masa PKS dan FPI. PKS udah ke Anies, FPI sudah jelas tidak ke Ganjar ataupun Bowo. Tinggal tunggu waktunya saja ðŸ¤ªðŸ˜",1
"@mrsasaky @dungu_kadrun @GeiszChalifah kayaknya yg dia sebut banyakan benernya, bebrapa diantaranya program unggulan anies kan?, anies janji tidak gusur eh gusur juga, belum lagi kasus lebih bayar bukan cmn 1-2 kasus..., normalisasi sungai yg diubah jadi naturalisasi sungai? ada data eksekusinya?",2
"@BangPino__ Kalau melihat rekam jejak perjalanan dan sambutan yang di dapat pak Anies Baswedan, hanya satu yang bisa mengalahkannya dalam pilpres 2024 nanti siapa itu ? Siapa lagi kalau bukan Mahkamah Keluarga ðŸ¤£ðŸ¤£ðŸ¤£",1
Ada yang mendukung psk Anies di Solo ya...,1
@Dulur_sempulur @detikcom Anies sudah bicara soal Palestina sejak lama  Nih baca berita tahun 2010  https://t.co/7jV7wCAyCu,2
@Ojoklalenya @jokowi @KPK_RI Dari sejak kasus si anies formula E   @KPK_RI emx musti di reshuffle,1
"Puji Anies Baswedan sebagai Pemimpin Masa Depan, Tokoh Muhammadiyah Optimistis Menang di Kandang Banteng #AniesMuhaimin2024 #AniesInspiratif #RMOL https://t.co/3f8ZMPACfK",2
@sobat_anies @andre_rosiade Ini loh anak kecilnya https://t.co/br7nt5TAbh,0
"Di Kandang Gibran, Anies Ajak Warga Solo Pilih Perubahan https://t.co/allLWNp4iY",2
"@Andria75777 kalo Anies menang, nih orang pasti jadi gembel",1
"Anies Ajak Relawannya Targetkan Menang Besar di Kota Solo   Anies Baswedan mengatakan penguasa musuh demokrasi menebar ketakutan, mari hilangkan rasa takut, kita lawan!""  https://t.co/tnIKR6ZtvR  https://t.co/tnIKR6ZtvR""",2
"@imambasor1 @kholidamril @ismailfahmi Lengkap sudah cita2 nasakom nya pak sukarno, tinggal tambahin kapitalisnya aja supaya sejalan sama idiologi nwo-nya. Jadi nasalibkom (nasionalis, agamis, liberalis, komunis). 4 in 1 ðŸ˜‚ Diborong semua sama pak anies ðŸ˜‚",1
"@anwar95866730 @detikcom Lah salahin Jokowi yg jadi presiden dong, kok malah salahin Anies?",2
"@aniesbaswedan @BosPurwa Konspirasi palestina mengorbankan anak2 kecil menjadi martir demi mendukung pencalonan anies menjadi capres di indonesia,",1
@AhmadMuhammd Ciee galau,0
"@ramadhank1440 @dinopattidjalal Selama Anies masih dbawah ketek Suryo Paloh dan bersama Imin kardus durian, tidak akan ada perubahan &amp  perbaikan berarti, tdk ada gunanya sby ahy bergabung balik dng mrk, track record paloh &amp  imin sdh jelas ðŸ‘ŽðŸ‘Ž",1
"@sandiuno ..waktu sisa ini coba mas Menteri bangun project yg duar gitu, misal bangun sebuah hub utk ekonomi kreatif. Model bisnisnya misal duplikasi dari Uniqlo atau Miniso dan mulai di Jakarta dan Bali, kolab dng kemenBUMN, Keu, Bangdes, Dikti. Anies yg cuma stadion aja bisa jualan ðŸ˜€",1
"Puji Anies Baswedan sebagai Pemimpin Masa Depan, Tokoh Muhammadiyah Optimistis Menang di Kandang Banteng https://t.co/I42WAQiWY6",2
"@itsbinbinnn @shitlicious Waaah menarik wkwk, pak Prabowo dengan wakilnya yg dianggap masih muda"" pak Ganjar dengan wakilnya yg ""superior"" dan pak Anies dengan wakilnya yg ""kontroversi"" haha""",0
"@hasyimmah Kalau ingin Indonesia berubah, pilih Anies-Imin  Kalau ingin Indonesia miskin, pilih Ganjar-Mahfud  Kalau ingin Indonesia maju, pilih Prabowo-Gibran",1
Subhanallah banyak juga pendukung pak Anies di Solo yaa....â˜ï¸ðŸ˜ƒ,2
@sobat_anies Solo nih loh ya Alhamdulillah AMIN,2
"@elkrova Selama hampir 2 peroide jkw jg gk ada terobosan signifikan buat imb gerejaÂ² katolik yg lama terbengkalai. Jujur seburukÂ²nya msh mending anies, bisa ada satu gereja katolik dki yg kebangun, walau pakai akalÂ²an kucurin dana ormas biar yg biasa protes pembangunan gereja mingkem.",2
@ekowboy2 Qodari sudah grogi.  Ini tanda2nya Anies akan menang dalam 1putaran,2
@GeiszChalifah @satriamadang88 karena menurut anda anies tidak zalim?,1
"@Omnya_Gibran Hanya Orang Sholeh dan Cerdas yg bisa bikin NKRI Gemilang dan maju.... Go ahead Pak Anies Baswedan. Kita golongan orang waras yg objektif, punya nalar dan logika!!",2
@kumparan Fokus hadapi Prabowo-Gibran tp malah digebuk Anies-Imin,2
"Dari alam bawah sadar anda tertulis prabowo presiden, gerindra menang, yg artinya gerindra akan jadi penguasa tanpa butuh partai pendukung lainnya seperti golkar, pan perindo dll.  #AMINAjaDulu  #AniesMuhaimin2024 Anies presiden, rakyat menang!!",2
Dokter @Lisaamartatara6 ini contoh dokter yang rusak gara2 copras capres. Tahun 2019 dia pendukung Prabowo. Tahun sekarang dia mendukung Anies. Rusak logikanya gara2 dukung Anies. Padahal kan tinggal googling aja ketahuan AQ sudah mundur dari Demokrat sejak 2014. Memalukan!,1
@detikcom Nanti anies orasi gak ya,2
"Jk undecided voters (12,8%) survei SMRC terbaru didistribusikan sesuai % masing2 pasangan, hasilnya Prabowo-Gibran menang 1 putaran. Perhitungannya:  - Prabowo-Gibran = 45,3% + 5,824% = 51,124% - Ganjar-Mahfud = 22,9% + 2,891% = 25,791% - Anies-Muhaimin = 19% + 2,432% = 21,432% https://t.co/C9pu13XTjr",2
"Banyak yg akan milih Prabowo krn memang suka sama Prabowo, bukan krn siapa cawapresnya. Bahkan dipasangkan dengan sendal jepit pun tetap milih Prabowo. Hal serupa pun berlaku di antara mereka yg akan milih Ganjar atau Anies.",0
@YRadianto Takut demokrat kejadian sm anies sdh pajang baliho anies eh berakhir diturunkan bgt jg dgn gibran..jgn2 nanti jg di turunkan cara aman jgn ada foto gibranðŸ¤”ðŸ˜‚,1
@aadhmusic @puanmaharani_ri Rapatkan barisan memenangkan Anies Muhaimin,2
"@never_alonely Jadi pemimpin itu ga hanya harus pintar tapi juga cerdas, berani, dan punya nurani. Hukuman ini jelas menunjukkan pimpinan PSSI ga cerdas, ga berani, dan ga punya nurani. wawasannya kalah sama kelas supporter bola. Dah lah kita reformasi aja lagi setelah ganti dgn rezim pak Anies",1
In Syaa Allah..asal tidak curang Anies menang.,2
https://t.co/vXQkC9HDZk                                   *Subhanalloh...*                                    Sukses besar..!!!                   ðŸ‘ðŸ˜ŠðŸ’ª.                            Beginilah kenyataanya ketika pak Anies kunjungan ke Solo,2
"@AkuSend70955060 @moechlissinna @danielht2009 @Dennysiregar7 Si P(e)anies, sungguh AMIS, kardus durian ðŸ˜",1
@aniesbaswedan @feryfarhati MasyaAllah BarokaAllah RidhaAllah pak anies ðŸ™ðŸ˜­ðŸ˜­ðŸ™ ...,2
"Beda Hasil Survei Elektabilitas Prabowo, Ganjar, Anies Bulan Juli - CNN Indonesia https://t.co/lHahHfAbF2 #Jokowinomics #BersamaPrabowo #MenataMasaDepan",0
"@P3n99u94t_ MasyaAllah BarokaAllah TabarokAllah pak anies, aamiin yaa Robbalalamin yaa mujibal hajad...",2
"Anies Sejak Dulu Mendukung Kemerdekaan Palestina. Yang Ngaku2 Paling NKRI malah membela Israel, Sang Penjajah, tidak mengerti isi Pembukaan UUD 1945 https://t.co/RpdmUdz4U6",2
"Meminimalisir Kecurangan, Anies Tantang Warga Solo Raya Menangkan Amin secara Mutlak https://t.co/niftUBAcby",2
@BosPurwa @ridwankamil Emil harus mencontoh Anies. Tanpa ikut partai tapi didorong parpol utk nyapres. Tamatlah karir politik dan sosial Emil.,2
@ajengcute16__ Anies tampil di Monas Minggu. Dan diberbagai tempat di daerah sudah menyerukan kemerdekaan Palestina lebih dulu,2
@_BungHerwin Wkwkwk.... Harusnya ini menjadi acaranya ganjar. Anies memang ga ada akhlak.,1
@bengkeldodo @P4P4B0W0_2024 @99propaganda @Ndons_Back @are_inismyname @adri_7i @Abaaah @Affan79992133 @florieliciouss @NilaWati375469 @mimih6mei Whattt wkt pildun U-20 yg lain mana bersuara? Hanya Ganjar yg berani menolak. Krn Ganjar konsisten tdk hanya dukung palestina saat perang tp saat damai pun. Skrg krn kepentingan politik baru prabowo dan anies bicara,1
@musniumar Betul mus....sm dg monumen x anies...bambu mesem...sepatu dhasmu....pohn plastik....pohon kontolmu,1
@YRadianto Cie Cie Cebong Makin Ketakukan Junjungan nya Keok wkwkkwkwkw,1
@sobat_anies @NajwaShihab @susipudjiastuti @aniesbaswedan @cakimiNOW Najwa ga akan mau.. buk susi bisa jadi,0
"@MissKoral @joserasyid @aniesbaswedan Nah kalo ini gurunya pak anies baru kita percaya, gak seperti yg kemarin usianya sama muridnya... Kan bloon.",2
@ekowboy2 Goblog... Muhammad hatta koq mau disamain sama anies sih.. Gak usah lebay deh kunyuk!! Muja muji yg normal normal aja deh... Gak usah terlalu se BABI itu boy....!!!!! Ingat gak usah se BABI itu!!!,1
"@sobat_anies Panik gak, panik gak, ya panik",1
@MissKoral @aniesbaswedan Wuiihh mantab calon presiden kita. Berani datang di kandang Dinasti Politik dgn sambutan yg luar biasa melubernya. Go pak Anies gooo... Akhirnya kami berbangga hati akan mendapat presiden yg cakap dlm semua halðŸ‘ðŸ‘,2
"@Kimberley_2024 Jubir PKB asal mangap saja negara kaya minyak saja rakyatnya harus beli, lah Indonesia negara sudah gak punya tambang minyak mau gratiskan BBM itu namanya bunuh diri dan omongan itu maksudnya untuk menjatuhkan kredibilitas Anies Baswedan dan Muhaimin Iskandar",1
@sobat_anies MENANG SATU PUTARAN,2
Anies Baswedan Bocorkan Tak Ada Tamu yang Datang Bertemu Surya Paloh Sej... https://t.co/KIVvR1IaG7 lewat @YouTube,2
Ustadz Eka Jaya terkenal dekat dengan Pak @aniesbaswedan dan selalu terdepan membela Pak Anies. bahkan saat Pak Anies diperiksa KPK.   beliau dan pasukannya turut mengawal disekitaran gedung KPK. lantas Ustadz Eka Jaya dapat apa dari Pak anies ?,1
"@abu_waras @aniesbaswedan @ganjarpranowo Pk anies,dong,,,pk anies waktu jadi gubernur dki,,suka beli beras lokal untuk bantuan covid,,kerenkan.",2
"@geloraco akibat baperan dan memfitnah Anies, terima nasib dislepet bocil, bonus reunian sama pembegal ðŸ˜‚ðŸ¤£",1
"@BosPurwa @aniesbaswedan @cakimiNOW Pak Anies pinter banget sih,pak? Jadi presiden yah pak. Biar punya presiden yg pinter gitu.",2
"setelah menang sebagai Gubernur, siapa yang dapat keuntungan. Alumni 212 sebagai tulang punggung kemenangan Pak @aniesbaswedan justru terkesan dibuang dan ditinggalkan.  bahkan saat reuni 212 dimana Ustadz Eka Jaya menjadi Ketua Pelaksanannya. Pak Anies malah tak beri rekomendasi",1
"@03__nakula Pendukung Prabowo tdk pernah hina p Jokowi dlm 5 thn ini. Yg menghina itu pendukung Anies, dan skr pastinya jg pendukung Pdip.",1
"Pak @aniesbaswedan menang di Pilkada DKI Jakarta karena TAKBIR seluruh Peserta 212.   dan sekarang pak anies sudah meninggalkan dan menanggalkan hal itu, yang dapat diartikan menanggalkan baju kemenangan.",2
@UmarSyadatHsb__ Setelah dukung anies km malah semakin stres pak,1
"@andre_rosiade @saifulmujani dan perlu diingat, pendukung Anies dan Ganjar yg ga memilih prabowo itu pendukung militan, yg hampir tidak mungkin memilih pasangan Prabowo - Gibran, pendukung Anies dihianati Prabowo, pendukung Ganjar dihianati Jokowi..",2
"Kalau itu kata survey , bisa COD kang survey nya   SHAME ON YOU Saudi Kekecewaan Tokoh Keluarin RS Indonesia Anies Israhell https://t.co/RzKjOSRKZY",1
"@Muhamma38221971 @perssepssi_ @seruanhl @ganjarpranowo @mohmahfudmd Saya mengajak seluruh rakyat Indonesia, termasuk pendukung Ganjar-Mahfud &amp  Prabowo-Gibran, sama2 gunakan hati nurani &amp  akal sehat untuk memilih Anies-Muhaimin..AMIN.. untuk Indonesia yg lebih baik &amp  bebas KKN.. #AMINAjaDulu",2
@WagimanDeep212_ Yg pekok lari ke anies,1
Anies Baswedan Kembali Raih Penghargaan Transportasi Tingkat International https://t.co/SlFJ0lCJWP,2
"@sobat_anies @andre_rosiade Kita merindukan Pahlawan"" dari Gol 1. Tukang Survey 2. Pejabat Hukum 3. DPR 4. Media 5. Sodagar Sepertinya semua ada di Palestina ya ? Kita bawa canda aja""",1
"@ezash Di bawah pejabat siapa yang bikin? Anies atau Heru?  Biasanya klo Anies yang bikin, berita gini digoreng sebulan penuh.",2
"@Heindrahayyun1 @DoankWarto Tapi hobi peluk bini orang dan itu di bolehkan bahkan di puja2..makanya bikin patung bambu mesum, suka ganti nama, lobangin jalan biar banyak mobil rakyat nyungsep adalah karya Anies yg selalu  diingat Rakyat...",1
"@AbanggSayur Kl ganjar sebenarnya gak sih, krn jkw dah gak dinilai sama elite2 pdip... mrk misuh2 terus, sampe nyebut2 istilahnya hehe... Makanya prabs hrs menang, kl sampe ganjar naek, abis jkw... dendam maknyak itu berat.  Yg aman kl anies naek, jkw &amp  fams tetap aman....",2
@Aryprasetyo85 Knp Cebong pada panik n ketakutan yah wkwkwkkw....Kasihan Cebong makin ketakukan junjungan nya keok,1
Dapatkan frame ini melalui https://t.co/Z3yUjT0i5R #RajaFrame #amin-anies-baswedan-muhaimin-iskandar-capres-cawapres-2024-4 https://t.co/wARr1ytRD3,0
"Sampaikan Orasi, Anies Baswedan Sebut Jika Menang di Solo se-Indonesia Bergetar https://t.co/eXxuQfAv3p https://t.co/eXxuQfAv3p",2
Anies dan Ganjar Akan Head to Head Jika Gibran Dibatalkan Jadi Cawapres Prabowo https://t.co/ZKIKIKAPn3 https://t.co/ZKIKIKAPn3,0
@sobat_anies @andre_rosiade Tanggung amat tambahin lah 5% ...hhh,1
"@aniesbaswedan MASYAALLAH TABAROKAALLAH pak anies sdh cakep cakap n amanah INSYAALLAH, ngapain pilih yg buruk rupa jahat kejam raja tega bengiz n tukang ngibul pula, AstagfiruLlahaladzim naudzubillahi...",2
Anies Baswedan Sampaikan Orasi Kebangsaan bagi Warga Muhammadiyah Solo Raya https://t.co/npDlAfAEj2,2
Anies atau Prabowo jadikan JJ Rizal jubir plis,2
@ch_chotimah2 @ganjarpranowo @mohmahfudmd Pendukung YAMAN ANIES DAN KAKEK BOWOK pada kepanasan ðŸ¤ªðŸ¤ªðŸ¤ªðŸ¤ªðŸ¤ª,1
@mkurnia1 @ch_chotimah2 @ganjarpranowo @mohmahfudmd Yg punya agenda itu si Anies Yaman,1
@ch_chotimah2 Prabowo vs Ganjar... Kalah jadi abu menang jadi arang.. Anies jadi Presiden...,2
"Anies menyemai pemikiran, menempatkan harapan dan menggelorakan semangat untuk menggapainya.  Kini bibit2 itu mulai tumbuh dan berkembang, ada yg sudah berbunga dan tecipta bibit2 baru yg semakin menyebar dan begitu banyak bibit2 yg tumbuh. Ketika Anies datang disambut lebihâ€¦",2
@JaenoXTM @MIrvanDarwin1 @prabowo @florieliciouss @Chaves1305 @lettachantik @cocolatetwo Cari tahu sendiri dong.. katanya pendukung Anies cerdas semua ðŸ˜„,1
@andre_rosiade PKS MENANG ANIES PRESIDEN,2
@CahKeren212 @03__nakula Halah...kayak pak Anies bisa lolos aja.... ðŸ˜…ðŸ˜‚ðŸ¤£,1
Anies Ajak Masyarakat Berdoa Bersama dalam Aksi Bela Palestina Di Monas https://t.co/qM8dan9BAR,2
@aniesbaswedan Sudah saya bilang berulangkali... Mulutmu terlalu cepat melebihi otak dan tindakan/perbuatan...  Kurang2i lah pak Anies... Jijik orang2 dengan cara2 seperti itu...  Pemerintah sudah berbuat.. Anda ngapain aja..??? Ngoceh2 gak jelas..  https://t.co/phoBR1WjSE,1
@OnlyFrens Tiada hari tanpa bahas Anies ya gal,1
@sobat_anies 3. Langkah TOLOL,1
"@moechlissinna @danielht2009 @Dennysiregar7 Ealah, malah duo ini.. kasusnya anies dan imin aja msh berproses di KPK. Pilpres selesai, mereka berdua bakal dipakein rompi orange KPK. Masuk penjara..",1
"#Untuk_Pelupa Cawapres Gibran Tidak Menodai Pesta Demokrasi  Yang suka Gibran silahkan pilih dan coblos  Yg suka p Ganjar,Anies silahkan pilih dan coblos  Kebebasan pilihan rakyat secara Demokrasi tidak ternodai  Pemilih disuappun kalau pesta demokrasi tidak ternoda, apa salahnya",0
"SMRC (31Okt-3Nov): Elektabilitas Ganjar-Mahfud merosot (-3,2%), Prabowo-Gibran naik tajam (+9,6%): Anies-Muhaimin 19% Ganjar-Mahfud 22,9% Prabowo-Gibran 45,3%  Versi LSI (16-18Okt): Anies-Muhaimin 19,6% Ganjar-Mahfud 26,1% Prabowo-Gibran 35,9%  Pemilih ragu berpaling ke PS-GRR https://t.co/FhRNSCRxAQ",2
Anies Baswedan Tegaskan Bila Pasangan AMIN Menang di Solo  Indonesia Bakal Bergetar  Ini Statemennya https://t.co/C1QxW1f1Iz,2
"Kasihan bapak tua yg berbaju merah ini, sdh mengulurkan tangan ingin bersalaman dng ANIES  BASWEDAN tapi tidak ditanggapi dan dicuekin. Mana rasa hormat terhadap orang tua ?",1
@puanmaharani_ri Jawa Timur inginkan perubahan ke arah lebih baik. Ayo kita dukung dan menangkan semoga Anies menang 1 putaran. #AniesMuhaimin2024 #AMINAjaDulu,2
"Saat Pak Anies sampaikan Orasi kebangsaan di Universitas Muhamadiyah Surakarta bergaung semangat Perubahan, ribuan warga solo raya memadati auditorium UMS utk bertemu &amp  mendengarkan orasi kebangsaan Pak Anies Baswedan. https://t.co/esv0x4WeIw",2
"Sampaikan Orasi, Anies Baswedan Sebut Jika Menang di Solo se-Indonesia Bergetar https://t.co/4LDtfCvfLP",2
"@xxxchuaxiangu Gw haters orang yg nyeleneh, wkwkkw si Ganjar SM Anies kan masih blm neko2 wkskk  Btw udh kespill kok pilihan gw",1
"@kumparan Apakah anda akan tetap mencaci Ganjar, jika piala dunia u17 dilaksanakan di Indonesia bulan November ini?  Waktu itu, dimana suara Anies-Muhaimin dan Prabowo? https://t.co/6JEl6Ovjad",1
@sobat_anies Bakal normalisasi dg Isra Hell kalau ybs menang,1
@JanganJadiPaok @jokowi ANIES jagonya kalau masalah ini,0
Anies optimistis aspirasi perubahan makin kuat di Solo https://t.co/9oHH4obm9L,2
@alisyarief Tetap saja gratifikasi karena keinginan mentersangkan Anies?,1
Anies dan Ganjar Akan Head to Head Jika Gibran Dibatalkan Jadi Cawapres Prabowo https://t.co/AsXpfHM0C4,2
jangan jangan anies juga muka dua. https://t.co/t4ILt0v2ZN,1
"@ezash Ini kalo gak salah di jaman anies gak mau dilanjutin sama blio, ternyata emang problematik proyeknya!",1
"@DoankWarto Pk anies muslim yg taat ,,yg jauh dari maksiat ,seperti nonton bokep,ngusir rakyat seperti di wadas,solo, itu haram buat pk anies kalu s lakukan,,,lu kafir komunis apa muslim sih,?warto",2
@choymarkochoy @erickthohir @KPU_ID @sobat_anies @yacoblaw2323 @Obay_Kusut1981 @satriohendri @Heraloebss @msaid_didu Atur aja daahh...   Selagi gerombolan HAMA MONYET masih berkuasa...   PETANI sabar &amp  amati aja dulu...,1
"@Urrangawak @Miduk17 @ch_chotimah2 @__AnakKolong @AntoniusCDN @Aryprasetyo85 @seruanhl @BiLLRaY2019 @denni_sauya @Eil_Thia @B3doel___ Saya mengajak seluruh rakyat Indonesia, termasuk pendukung Ganjar-Mahfud &amp  Prabowo-Gibran, sama2 gunakan hati nurani &amp  akal sehat untuk memilih Anies-Muhaimin..AMIN.. untuk Indonesia yg lebih baik &amp  bebas KKN.. #AMINAjaDulu",2
@puanmaharani_ri Bapak Anies Baswedan akan membuat dasar perubahan untuk Indonesia menjadi lebih baik dan bermartabat,2
"@tifsembiring Semoga hanya 2, Anies Rasyid Baswedan semoga di doakan menjadi Presiden",2
@ismailfahmi perjalanan singkat pak anies pasca terjun dunia pulitik. di fitnah syi'ah di fitnah bakal jadiin jakarta kek syiria skrg masuk sama gerakan nwo cepet amed ya berubahnya,2
@ismailfahmi Yg paling lemah ya Anies,1
@misterm686 @YRadianto @MarcosLynd nti dulu ya lom waktunya untuk anies or prabowo ... sekarang waktunya GANJAR MAHFUD jd president gaasspool ðŸ¤ŸðŸ¤ŸðŸ¤ŸðŸ¤ŸðŸ¤ŸðŸ¤ŸðŸ¤Ÿ,1
"@PreciosaKanti Ganjar Pranowo itu produk gagal satu daerah Jawa tengah termiskin, UMR terendah, banyak anak2 putus sekolah,jln banyak yg berlubang2 apanya yg di harapkan? ....... Ganjar Pranowo mn paten Anies Rasyid Baswedan yg paten . Otak di gunakan yoooo?",2
"From Anies itu radikal, Jakarta bakal jadi Suriah, to Anies itu bagian New World OrderðŸ¤£",1
@sobat_anies Terbantahkan sdh saat ini bhw Solo adlh kandang banteng.  #AMINAjaDulu  ðŸ¤²âœŠï¸,2
"@aniesbaswedan Saya tantang pak Anies utk secara terbuka mendoakan korban yg jatuh dipihak Israel dan mendoakan kesejahteraan dan kedamaian Israel,,  100% saya secara pribadi tdk akan ragu pilih bpk utk jd presiden,",2
@sobat_anies Solo keren .. AMIN,2
 Lah kok kelojotan? Itu yang dibilang Om @bengkeldodo bener loh. Urusan kemanusiaan jangan selalu dihubungkan dengan capres. Anies atau Ganjar juga boleh kok bantu Palestina.  Harus bisa menempatkan posisi dong kak. Murahan banget kalau niat membantu cuma ingin cari pendukung,2
"@UmarSyadatHsb__ Sama dgn Pak jokowi dan pendukungnya, siapa yg mengira PKB dikasih jabatan menteri sampe sekarang eh skrg satu kolam sama Pak Anies... Politik ya begitu, jangan baperan.. Siapa tahu nanti putaran kedua demokrat dukung Pak Anies atau PKB dukung Gibran...",1
@detikcom Zionis pesek,1
Lah Man Kenapa lo ga ke Anies aja Udah jelas Track recordnya https://t.co/yIoEvblZ2b,2
@yusuf_dumdum Kenapa yg kaya gini ga disebut dg Politik Identitas? Jelas2 ini event apa Seneng bnget nyematinnya ke Anies doang.  Kalo pernah sekolam emg susah bilang salah,1
@Metro_TV Karena anies paling rendah dan karena metro tivu punya surua paloh hahaha,1
wasit nya pendukung anies,1
"@mochamadarip Ahhh pengen 3 periode ataunkalo bisa presiden seumur hidup ajah, sok sok an ngaku melindungi Indonesia. Skrg dilihat pake mata, bukan pakai dengkul, waktu Anies jd Gubernur DKI apa jakarta jadi kota radikal ? Mikirr?PKI ajah yg pengen berkuasa teruss dan pengen maling duit negara",1
"@arifin34533 Ahok udah kelaut... Cuma mimpi2 pilkada yg lenyap aja para pemujanya.. ya.. kelompoknya dia dia juga yg sok teriak NKRI harga mati, intoleran, radikal radikul, teroras teroris,khilafah, pembenci FPI,PKS,dan Anies .ðŸ¤£ðŸ¤ª",1
"Jejak Karier Anies Baswedan, Inspirasi yang Muda yang Berprestasi https://t.co/9QMtboRp21",2
"@dinkisot46 @puanmaharani_ri @RaniKancana Betul musuh kita sekarang bukan anies prabowo Musuh kita yg ku cinta i  Mau tak mau,saya sekeluarga lawan.",1
Kalau jakarta banjir mungkin pak anies yang terkena kesalahan,2
"@ernestprakasa Haallaahh ini mah tak tik pdip dan pak jokowi,buat ngelawan pasangan anies dan gus imin... Milih ganjar sama prabowo itu satu kubu,",1
@BungkusTukang Yg dungunya udah di terapi  Pilih Anies cak imin ! https://t.co/LzLwZCPDdB,2
Ini harusnya tweet anies woy ðŸ¤£ðŸ¤£,2
"Kalau pola kepemimpinannya dan kebijakannya setelah 2024 tetap sama seperti kepemimpinan dan kebijakan Blio., catat mau itu Prabowo, Anies dan Ganjar yaa segi tiga sama dan sebangun mau di jungkir balikkan keatas-kebawah-kekiri dan kekanan bentuknya tetap sama segi tiga sama danâ€¦",0
@1D9R @Arie_Kriting Anies gada pilih yg lain,2
"@kadrun_kw @moechlissinna @danielht2009 @Dennysiregar7 @aniesbaswedan Terus gmn dgn foto2 ini, Anies juga bertemu dgn tokoh2 radikal dan khilafah... Gitu ya ... ?  Dungu jgn dipelihara tong... https://t.co/k0HUqgbZ1g",1
Anies Baswedan Targetkan Perolehan Suara Besar di Kota Solo https://t.co/D3ofR03S9D #TempoNasional,2
"@BangPakat @kurawa Wkwk tpi semoga Golput lu tercapai bang, biar putaran keduanya prabowo vs anies. Ganjar gausah diajak wkwj",2
ANIES Sampai Naik Bus ke Bukittinggi Demi ke Rumah Bung Hatta  Support https://t.co/7oNYtVrVnyâ €|â €ðŸ¤– https://t.co/mvrJB3u5TB â €|â €ðŸ https://t.co/Q58owLx3Z4 â €| #AminAjaDulu #TapTapAniesApp,2
"@zoelfick hati ente sudah bernanah krn dengki bro, rekam jejak dia dr dulu konsisten dg founding father yg mencetus dasa sila bdg..PR indo tinggal 1, memerdekakan palestina..kalo capres ente jg mengajak rakyat indo to free palestine pendukung anies pasti welcome2 aja..",1
Ingat pesan anies REKAM JEJAK ðŸ˜ðŸ˜ðŸ˜âœï¸âœï¸âœï¸âœï¸,2
"@pramoedyaaaaa @asunaryo75 Saya sih dukung pak PROBOWO dan mas Gibran tapi bagaimana pun hasil nya di 2024 saya sebagai rakyat hanya menghargai keputusan,mau pak probowo,Ganjar,Anies nanti 2024 jadi presiden saya hormati keputusan nya nanti",2
"@ruhutsitompul Kamu Anies ya,, kalian nyanyi aja",1
@ajengcute16__ Betina tolol.. nggak mungkin juga Ganjar atau Anies.. dasar betina tolol akut..,1
Scroll bawah sikit jumpa la videonya. Terhibur baca komenðŸ˜‚,0
"@SlametJogja @DoankWarto Kelahiran anies jelas di kuningan jabar, orang tuanya jelas, kakeknya jelas pahlawan kemerdekaan, ijazahnya jelas asli.  Yang gak jelas itu isi pale lo",2
"@timellcome Gini amat narasi akun pendukung Pak Anies  Tapi ada bagusnya karena ada yang memulai narasi ... Bisa berenang tidak, capres mu?""  ""Bisa berkuda tidak, capresmu?""  ""Bisa pencak silat tidak, capresmu?""  ""Bisa naik pesawat jet tempur tidak, capresmu?""  Thanks, Pa'oel  ""Loe jual,â€¦""",1
@Gus_Raharjo Sudah pak ET gabung ke tim pak Ganjar-Mahfud aja biar bisa bersinergi utk membangun Indonesia menuju Indonesia Unggul,2
"Kalimat kalimat Ganjar harus di pertanggungjawaban, ketum PP juga tidak ingin ada masyarakat yang memiliki hobi yang sama  #Megawaty #wanitaperisai #ganjarsukavideoporno https://t.co/9i6wI7yyZM",1
@Melihat_Indo @ganjarpranowo Ganjar pranowo is the best pokoknya gass poll pilih pak ganjar pranowo capres 2024,2
@KerjaHasil_id Ganjar sudah melakukan aksi nyata dgn memboikot israel,2
"@ganjarpranowo @urbansneakersoc Jangan pernah bosan untuk mendukung semangat dan kreativitas anak muda ini, ya Pak Ganjar ðŸ¥º Terus beri support dan fasilitas agar mereka makin maju! dan sejahtera â¤",2
https://t.co/yQ854wAHAk perisai-megawaty-kembali-persoalkan-ganjar-suka-video-porno  #Megawaty #wanitaperisai #ganjarsukavideoporno,1
"@Melihat_Indo @ganjarpranowo Semoga Jikalau Pak Ganjar sudah duduk di kursi paling atas, jangan membuatnya patah hati karena sikap dan tindakannya seperti pemimpin saat ini ðŸ™",1
@Melihat_Indo @ganjarpranowo Sehat selalu pak Ganjar pranowo semoga selalu didatangkan hal hal yang baik,2
"@Paltiwest israel tidak akan pernah berubah, begitu pula sikap jati diri INDONESIA ini terhadap israel. Penjajahan didunia harus dihapuskan, penjajah israel harus dihapuskan BUKAN malah di Normalisasi sebuah Negara.Aku Bangga Indonesia Mempunyai Sikap itu,bukan GANJAR tetapi KONSTITUSI KITA",1
"Buat yang 2014 &amp  2019 Lawan BOWO  Ngapain 2024 jadi PROBOWO  sanggup ya kalian makan kotoran sendiri, layaknya BABI",1
"anjinggg mimpi aneh lg masa ig gw dihack trus jd ngepost sesuatu ttg ganjar trus ada yg komen lu kan pekerja""""",1
@triwul82 Ni di kasih prabowo-gibran 100% GANJAR-NAHFUD MD 0% Anis imin 0%  Redponden kader gerindra Trial error 50%,2
Pakar Hukum dan Kubu Ganjar Ramai-ramai Tanggapi Operasi Rahasia Gagalkan Gibran Jadi Cawapres https://t.co/n8ItBIitkQ,1
Keberhasilan reformasi dan Demokrasi membaik berbuah orang yang biasaÂ² di daerah mjd Presiden.  Tapi dengan beliau menabur garam di langit demokrasi yg cerah kini langit demokrasi mjd mendung.  Semoga Pak Ganjar mampu membentangkan Merah Putih saat terjd hujan #GasssGanjarMahfud https://t.co/NsgwU9KPDl,2
PDIP BEKASI OPTIMIS GANJAR-MAHFUD MENANG SATU PUTARAN https://t.co/lAg3FqspeW,2
PDIP BEKASI OPTIMIS GANJAR-MAHFUD MENANG SATU PUTARAN https://t.co/5lfBIFjRTV,2
PDIP BEKASI OPTIMIS GANJAR-MAHFUD MENANG SATU PUTARAN https://t.co/DwWSDMEBCM,2
PDIP BEKASI OPTIMIS GANJAR-MAHFUD MENANG SATU PUTARAN https://t.co/2V45jKCHbM,2
GUS AANG OPTIMIS GANJAR-MAHFUD MENANG SATU PUTARAN https://t.co/NFBaXKumAS,2
"PEMILU 2024, RELAWAN DAN KELUARGA OPTIMIS GANJAR-MAHFUD MENANG SATU PUTARAN https://t.co/6pNZqbTMP2",2
GUS AANG OPTIMIS GANJAR-MAHFUD MENANG SATU PUTARAN https://t.co/XMaiTW8UB8,2
PDIP BEKASI OPTIMIS GANJAR-MAHFUD MENANG SATU PUTARAN https://t.co/Rp90c7ZoOF,2
"PDI PERJUANGAN BALI MENANGKAN GANJAR-MAHFUD, OPTIMIS MENANG SATU PUTARAN https://t.co/Qc8HnF9zFb",2
GUS AANG OPTIMIS GANJAR-MAHFUD MENANG SATU PUTARAN https://t.co/bCeqikZyYi,2
PDIP BEKASI OPTIMIS GANJAR-MAHFUD MENANG SATU PUTARAN https://t.co/R2fVgP6L27,2
GUS AANG OPTIMIS GANJAR-MAHFUD MENANG SATU PUTARAN https://t.co/v9VPDdS7eT,2
GUS AANG OPTIMIS GANJAR-MAHFUD MENANG SATU PUTARAN https://t.co/thBB1rHeoV,2
"PEMILU 2024, RELAWAN DAN KELUARGA OPTIMIS GANJAR-MAHFUD MENANG SATU PUTARAN https://t.co/yWp9xAXb5D",2
"PDI PERJUANGAN BALI MENANGKAN GANJAR-MAHFUD, OPTIMIS MENANG SATU PUTARAN https://t.co/ZUhZD2Qct7",2
GUS AANG OPTIMIS GANJAR-MAHFUD MENANG SATU PUTARAN https://t.co/dcr7FwSJ0H,2
"PEMILU 2024, RELAWAN DAN KELUARGA OPTIMIS GANJAR-MAHFUD MENANG SATU PUTARAN https://t.co/yAPG6A3tiu",2
"Bismillah 05/11/2023.  Calon Presiden Kita Pak @ganjarpranowo menghadiri acara Silaturrahmi Kerja Nasional Ikatan Cendekiawan Muslim  se-Indonesia 2023   Dalam acara tersebut, Pak Ganjar Memaparkan gagasan nya di sektor maritim Indonesia ðŸ¤Ÿ  #SahabatGanjar  #GanjarMahfud2024 https://t.co/QLMUTctrSZ",2
@Melihat_Indo @ganjarpranowo Kesederhanaan juga kedekatan pak Ganjar dengan masyarakat selama ini sudah buktikan bahwa beliau memang tulus.,2
@kurawa @panca66 @kangdede78 hahaha ternyata sanggup makan kotoran sendiri  NO BOWO at All NO Kang Martabak  Jaga Martabat,1
"Hmm yg gue heran, knp waktu pak ganjar nolak pildun tuh pd protes? Pdhl niatnya ya demi menjaga hubungan sm negara P jg. Ngapain main sm penjajah, apalagi tuan rumahnya mau di indo. Kan kita berprinsip, penjajahan di atas dunia harus di hapuskan-",2
"@tamrintomagola hahaha..saya sebagai pendukung ganjar merasa geli aja, ya siapapun yg mau nyaleg, nyapres, nyalur, nyabub, bahkan nyalon RT ya pasti pencitraan, kek cowok yg baru PDKT ma cewek, kalo dah dapet yaudah.makanye sewajarnya,  Ganjar nanti paling jg kek gt, urip iku sakdermo nglakoni.",1
@Melihat_Indo @ganjarpranowo Pak Ganjar pranowo pemimpin yang hebat dan bijaksana sukses selalu pak Ganjar pranowo,2
@ShenoWirang @Atiq_Tam kocak lo den...Ganjar yes!!!,2
"@jpnncom Ganjar Mahfud adalah sosok yg tidak pernah melupakan akar mereka dan selalu berkomunikasi dengan rakyat mereka tidak pernah bersikap sombong atau arogan, bahkan saat menduduki jabatan publik yg tinggi Ganjar Mahfud",2
@anismatta saat israel akan bermain disini hanya Ganjar yg bersuara dan melakukan aksi nyata boikot!,2
@Melihat_Indo @ganjarpranowo Pak Ganjar ga diragukan sih komitmennya,2
@narkosun @AimanWitjaksono Bismillah semoga diberi kelancaran dlm tugas mas @AimanWitjaksono dan mengantar Ganjar-Mahfud memimpin negeri ini,2
"@Dennysiregar7 PDIP adalah partai yg memiliki kadernya luar biasa , dari Jokowi, Ganjar, Gibran, artinya PDIP berhasil dalam pendidikan kadernya. Terlepas dari intrik politik.jaga persatuan dan kesatuan NKRI""",0
@Melihat_Indo @ganjarpranowo Ganjar pranowo selalu dihati jangan ragu untuk memilih pak Ganjar pranowo,1
@Melihat_Indo @ganjarpranowo Yakin dong atas kepemimpinan pak ganjar,2
@KATADATAcoid dukungan penuh dari masyarakat Indonesia untuk pak Ganjar dan pak Mahfudâ¤,2
"@Melihat_Indo @ganjarpranowo Semoga aspirasi masyarakat Bali terwujud, dan Ganjar bisa terus melayani Indonesia dengan kejujuran dan dedikasi yang tinggi.",2
"pengakuan ganjar tentang video porno dalam posisi sebagai pejabat publik, yang sudah pasti berimplikasi publik #Megawaty #wanitaperisai #ganjarsukavideoporno  https://t.co/DilSpT9Pnb",1
"@CNNIndonesia Krna survei milik 9 naga, 9 naga condongnye ke ganjar n prabowo",2
@Melihat_Indo @ganjarpranowo Yakin ganjar selalu komit nih,2
Pak @jokowi kasihn banget Anda kalo Givran gak jadi wapres RI di 2024 mendatang dan Ganjar sekalipun dia jadi gak akan membela kepentingan pribadi Anda sama sekali.,2
@Melihat_Indo @ganjarpranowo Orang baik pilih orang baik  Ganjar pranowo lebih baik Sukses selalu pak Ganjar pranowo capres 2024,2
@Melihat_Indo @ganjarpranowo Dukung ganjar karna track record nya konsisten,2
@ganjarpranowo @urbansneakersoc hal yg bisa dilakuin adalah dengan memberi dukungan ke produk lokal bangga sama pak ganjar,2
@Melihat_Indo @ganjarpranowo Semoga pak ganjar bisa membantu rakyat untuk makin berkembang lg ðŸ¥°,2
"@ganjarpranowo @urbansneakersoc selalu suka lihat segala aktivitas pak ganjar, semuanya selalu positif",2
Trick pak jokowi sudah bisa di baca  Dia mau si ganjar pranowo menang  Tapi dia ga mau anies ada harapan  Jadi dia majukan Anak nya dan prabowo,2
@Melihat_Indo @ganjarpranowo Cuman pak ganjar sosok pemimpin yg udah jelas kinerja nya ðŸ¥°,2
Pasca putusan MK tema keberlanjutan akan diusung oleh Prabowo kubu Ganjar mulai pudar dengan tema ini  tema yg diciptakan kedepan nanti adalah yg pro politik dinasti (Prabowo) melawan yg anti dinasti (Ganjar Anies)  itu akan otomatis terbentuk di masyarakat,0
@VIVAcoid semoga ganjar  mahfud dipermudah jadi presiden 2024,2
@Gus_Raharjo Pilihan terbaik hanya untuk orang terbaik GANJAR MAHFUD,2
@Melihat_Indo @ganjarpranowo Semangat pak masyarakat sangat berharap pada pak ganjar untuk bisa memajukan Indonesia,2
@Melihat_Indo @ganjarpranowo Yakin ganjar selalu tulus dan konsisten,2
@Melihat_Indo @ganjarpranowo Semoga pak ganjar kerja buat rakyat dan selalu amanah ðŸ¥°,2
@hansssolo Ijin tanya pak. Mengenai kebebasan mendirikan rumah ibadah apakah akan ada perubahan di kepemimpinan pak Ganjar dan pak Mahfud ?,0
@Melihat_Indo @ganjarpranowo Semoga aja pak ganjar bisa selalu amanah ðŸ¥°,2
Wadawww... Pak Ganjar suka nonton juga https://t.co/dCztOUVlQ2 Penyebab-ganjar-makin-tertinggal-dari-prabowo,2
"MALMING INI, BEGADANG DI GOR JATIDIRI SEMARANG.... SATU KOMANDO DUKUNG GANJAR MAHFUD ðŸ¤ŸðŸ¤ŸðŸ¤ŸðŸ”¥ https://t.co/4dR0yjPRxa",2
"@liputan6dotcom Pura2 aja kalian itu, sejati kalian itu sama, mau Ganjar mau Prabowo sebenarnya satu misi satu bossâ€¦Insya Allah Anies RI.1 Aamiinn",0
@yunartowijaya Anies sama Ganjar masuk putaran ke 2 kayanya. Pemilih Prabowo terpecah 2 ada yang ke Anies ada yang ke Ganjar,0
Kita kalahkan keluarga @jokowi @gibran_tweet @kaesangp di 2024  Sebagai perjuangan INTEGRITY MORAL &amp  MENTAL yang sudah dilakukan dalam program REVOLUSI MENTAL,2
@yunartowijaya Yg pasti tim Ganjar sudah Solid kata bu Puan juga https://t.co/EhWUzX0d1t,2
@Melihat_Indo @ganjarpranowo Semoga aja pak ganjar tidak mengecewakan kita semua ðŸ¥°,0
"@PartaiSocmed Monggo tim Ganjar, sosialisasikan pengumuman ini ke semua barisannya.",2
harusnya sebagai pejabat publik ganjar jangan bicara suka film porno kan blunder #Megawaty #wanitaperisai #ganjarsukavideoporno https://t.co/DilSpT9Pnb,1
"@Dennysiregar7 @BadruddinAl @gibran_tweet @PDI_Perjuangan @__AnakKolong Denny Denny...dulu Jokowi kau puja2,dimatamu Jokowi selalu benar,seandainya Gibran JD wakilnya Ganjar,mungkin km ga  emosian kek sekarg iniðŸ¤£ðŸ¤£ðŸ¤£",1
@Melihat_Indo @ganjarpranowo Pak ganjar rekam jejaknya bersih,2
"@nongandah @saidiman @saifulmujani Bgtu angkanya 50% ke atas pd gumbira krn takut kalo isu nepotisme, politik dinasti, ketidaknetralan &amp  demokrasi yg mendung jd isu bersama Ganjar &amp  Anies.",2
@ganjarpranowo @urbansneakersoc Pak ganjar memang pemimpin yang selalu dukung dan support umkm kita untuk bisa maju,2
Ini toh yang sedang hits. Hmmm  https://t.co/xOFRkA0RhQ enyebab-ganjar-makin-tertinggal-dari-prabowo,1
"Mari fokus kepada Ganjar dan Mahfud, biarkan saja yang lain mengurus capres mereka. Doaku GanjarMahfud menang SATU PUTARAN. https://t.co/w8Ge1NmCFL",2
"Dulu sebelum putusan MK soal usia Capres/Cawapres  publik dipecah antara yg pro JKW dg tema keberlanjutan (Ganjar dan Prabowo) melawan yg antitesa JKW perubahan (Anies)  nanti tema itu berubah, saat ini gejalanya sih sudah terasa  ini penting utk melihat peta pilpres putaran2",0
Ganjar Mahfud bagus tapi di PDIP banyak ditangkap koruptor.,0
@ganjarpranowo @urbansneakersoc Mantappp nih pak Ganjar selalu mendukung usaha anak mileniall bangsa,2
@ganjarpranowo @mohmahfudmd Ganjar sosok panutan sejati nih,2
@Gus_Raharjo Ganjar Mahfud pasti bisa menjadikan Indonesia makin Sejahtera. Gaspol,2
@hikmat_says @amatalidla @ismailfahmi Yap..berarti gak 2 diantaranya. Buzzernya hanya membela tuannya salah pun ditabrak akhrnya mereka kecewa sendiri ada yg bikin kubu dgn prabowo. Ganjar juga bilang saat penolakan itu karena arahan partai. Dahlah banyak kecewanya dari merah ðŸ˜‚,1
@Paltiwest Makin anda angkat PDU20 makin Anjlok junjungan ente!!!  Pecinta Sepakbola Tanah Air mayoritas masih SAKIT HATI dan Tidak Memihak Ganjar &amp  pdip krn hal itu.  #Blunder,1
@ganjarpranowo @mohmahfudmd Bangga dengan Pak Ganjar yg selalu rendah hati,2
"@nongandah @saidiman @saifulmujani Jk memang benar hoax, ini sdh pidana krn mencatut nama &amp  logo SMRC. Segeralah lapor ke Polisi @DivHumas_Polri  Jgn didiamkn krn brdampak buruk pd pasangan Ganjar-Mahfud.",0
@Gus_Raharjo Tetap semangat mendukung penuh pak Ganjar Pranowo dan pak Mahfud MD,2
â”â”â”ð’¢ð’¶ð“ƒð’¿ð’¶ð“‡ð‘€ð’¶ð’½ð’»ð“Šð’¹ â”â”â” Nasehat Pak Ganjar Untuk orang tua yang memiliki anak-anak generasi Milenial dan Gen Z. ððšð¡ðšð¦ð¢ ðŒðžð«ðžð¤ðš  @ganjarpranowo @mohmahfudmd #GanjarMahfud2024 https://t.co/BBBQJyRKJ0,2
@kompascom dukungan penuh dari masyarakat Indonesia untuk pak Ganjar dan pak Mahfudâ¤,2
Lagi ramai hari ini pembasan soal porn* owalah  https://t.co/oQzW17Qw7y perisai-desak-ganjar-minta-maaf-ke-publik,1
"@umam27642118 @mohmahfudmd Siapa? Anies dan ganjar sudah Enggak menjabat. Tinggal @prabowo dan @mohmahfudmd . Kapan kalian mundur dari menteri, biar pilpres jurdil.",0
Biar Kang Martabak &amp  Kang Pisang aja  cc @gibran_tweet tak tahu diri @kaesangp tak tahu malu  Mudah2an anak-anakku gak meniru cara kalian,1
@ganjarpranowo @urbansneakersoc Pak ganjar sangat mendukung UMKM,2
Kemarin Pak Ganjar Pranowo menghadiri acara Silatarahmi Kerja Nasional Ikatan Cendekiawan Muslim (ICMI) se-Indonesia 2023 pada Sabtu (4/11/2023). ðŸ«°  #SahabatGanjar  #GanjarMahfud2024 https://t.co/ZX0x1vmOFF,2
@ganjarpranowo @mohmahfudmd Emang terbaik pak ganjar ini ðŸ¥°,2
@Melihat_Indo @ganjarpranowo Pak Ganjar pasti bisa mengemban amanah untuk menjadi presiden Indonesia yg adil dan bijaksana. Tinggal kita masyarakat utk terus dukung pak ganjar,2
beberapa faktor yg menjadi penyebab elektabilitas ganjar lebih kecil dari prabowo #Megawaty #wanitaperisai #ganjarsukavideoporno  https://t.co/NpycNEtxCA,2
"@Joker_Wedoks Ganjar Mahfud aja, yang sudah teruji ðŸ¤Ÿ https://t.co/J8p272nJVX",2
"@bucha76 @andre_rosiade @saifulmujani Smrc itu tim Ganjar, kalo jagoan kalah jauh, gakan dirilis.. yg dirilis cuma survey partainyaðŸ˜",1
"Kalahpun, Kita Kalah terhormat dari Menantu Soeharto &amp  Anak Jokowi  Dengan logistik TRILIUN uang mereka, alat negara termasuk Paman-Paman mereka  Apalaagi MENANG !!!! Gile lu Drone",1
"@Melihat_Indo @ganjarpranowo Pemimpin harus berhati-hati, jangan patahkan harapan yang diberikan oleh rakyat ya pak Ganjar.",2
Ganjar Mahfud terbaek!,2
@Gus_Raharjo Ganjar Mahfud bisa membawa harapan untuk kemajuan Indonesia ðŸ¤ŸðŸ¤Ÿ,2
@UmarSyadatHsb__ Dngn begini PDIP yg playing victim  Pihak pendukung Ganjar yg terzolimi  Basi ...,1
@sapi05490638 Ganjar Pranowo dan Mahfud Md mampu membangun Indonesia,2
@ganjarpranowo @urbansneakersoc Kalau kaya gini mah kita harus all ini pa Ganjar pokonya. Ini nih calon pemimpin yg tebaik,2
"@WinnerWave_ @andre_rosiade @saifulmujani Yang bayar SMRC itu tim Ganjar, jadi ga berani rilis kalo ga sesuai targetðŸ¤­",1
@ganjarpranowo @urbansneakersoc Pak Ganjar Pranowo selalu tahu bagaimana mendukung pemuda kreatif. Memberikan akses permodalan melalui IP adalah langkah brilian!,2
"@ganjarpranowo @mohmahfudmd pokonya jangan ada politik dinasti. Kash kesempatan untuk orang baik yang lebih kompeten, yaitu pak ganjar dan pak mahfud.",2
@Melihat_Indo @ganjarpranowo Pak Ganjar sudah teruji kinerja dan integritas nya sebagai pemimpin,2
Serius ini pak Ganjar?  Kalo bener cepet dah minta maaf  https://t.co/bMGBSfglXy #Megawaty #wanitaperisai #ganjarsukavideoporno,1
@ganjarpranowo @mohmahfudmd Terimakasih pak Ganjar dan pak Mahfud sudah ziarah ke makam bung Karno,2
@DavidWijaya82 Saya gak dukung Ganjar dan serukan kebteman2 karena Ganjar menolak timnas Israel bermain dipildun u-20.,1
@ganjarpranowo @mohmahfudmd Inilah quota terbaik dari Ir. Soekarno semoga bisa diambil maknanya dan diteladani oleh Ganjar Pranowo,2
@sapi05490638 Ganjar Pranowo dan Mahfud Md mampu membangun Indonesia,2
"@SahLeoSin @ecentiawan @jokowi Gaspol...... ProGaMa, Pro Ganjar Mahfud dr Sabang sampe Merauke utk NKRI yg lbh baik lg n lbh maju bahkan melampaui negara super power!!!!!! ðŸ¤ŸðŸ¤ŸðŸ¤ŸðŸ’–ðŸ’–ðŸ’–ðŸ‡®ðŸ‡©ðŸ‡®ðŸ‡©ðŸ‡®ðŸ‡© https://t.co/vmomgsBzi7",2
"@Gus_Raharjo Makin seru politik tahun ini, tapi kita tetap Fokus memenangkan Ganjar Mahfud",2
"Lahir di sebuah kampung kecil di lereng Gunung Lawu, kehidupan Pak Ganjar Pranowo sangat dekat dengan alam.  Hal itu juga yang membuat Beliau semasa kuliah aktif sebagai mahasiswa pecinta alam. ðŸ«°  #SahabatGanjar  #GanjarMahfud2024 https://t.co/tAJARbFBbZ",2
"@Kanjeng2022 Ganjar Prabowo, para relawan PDIP, luar biasa berdarah2 di bawah memperjuangkan Jokowi, Anak2nya tidak pernah terjun lapangan, tapi menikmati hasil semua ini, yg mereka khianati hari ini bukan PDIP, tp para relawan yg bekerja di arus bawah",2
"Aku miris lihat trah Jokowi, 2 x pilih Jokowi tapi kok endingnya.... Aku muak dengan FTV nya trah Jokowi, semoga PDI-P menang banyak, masyarakat melek politik.... Suara ku untuk Ganjar-Mahfud....",2
@Melihat_Indo @ganjarpranowo Sehat selalu pak Ganjar Mahfud sosok yg selalu ingat tuanku ya rakyat,2
@ganjarpranowo @mohmahfudmd Ganjar pranowo selalu dihati jangan lupa dukung selalu pak Ganjar pranowo sampai menjadi presiden,2
Tapi feel lama ku  Kenapa ganjar pranowo Dan mahfud md  Feel lama ku. Si ganjar ini lah  Ganti jokowi,1
@ganjarpranowo @mohmahfudmd Wah akhirnya pak Ganjar dan pak Mahfud ziarah ke makam bung Karno,2
"Saat Pak Ganjar Pranowo meramaikan Pameran USS 2023, memborong produk fashion anak bangsa. ðŸ«°  #SahabatGanjar #GanjarPranowo  #GanjarMahfud2024 https://t.co/L7xfMj50aT",2
@Gus_Raharjo Hahaha semakin yakin dkung ganjar mahfud,2
NO BOWO AT ALL !!!  Ingat BOWO Kalah 3X   Kita bikin KO lagi di 2024,1
"@wdtu @mochamadarip terkonfirmasi bahwa kubu prabowo menggunakan politik identitas, loh kok malah mau jd wakilnya, ini bahaya sekali. Cara yg dipakai sgt kotor, harusnya dihindari oleh Jokowi dg memperkuat Ganjar dan Mahfud yg jelas2 anti politik identitas",1
"@VIVAcoid Pilih Ganjar - Mahfud, Prabowo - Gibran sama saja pilih PDIP dan Jokowi  untuk berkuasa kembali. Mlegedezzz !",1
@ganjarpranowo @mohmahfudmd Bismillah capres 2024 pak Ganjar pranowo menang,2
@Gus_Raharjo Makin mantep Dukung pak GanjarðŸ¤ŸðŸ¤Ÿ,2
@BahrudinHm @DoankWarto @ganjarpranowo @mohmahfudmd Siapakah yg menentang kedatangan timnas Israel ke Indonesia.  Anies  ??? Bukan  Prabowo??? Bukan  Ganjar???  Ya dialah Ganjar Pranowo yg dengan lantang menentang kedatangan timnas Israel ke Indonesia sehingga dia dihujat oleh musuh2nya   Paham ya,2
pernyataan dari ganjar pranowo tentang suka film porno sebagai blunder #Megawaty #wanitaperisai #ganjarsukavideoporno https://t.co/NpycNEtxCA,1
@ganjarpranowo @mohmahfudmd Sukses selalu pak Ganjar pranowo semoga selalu diberikan keberkahan,2
@Gus_Raharjo @JimlyAs Ayo kita dukung terus pak ganjar,2
"@ganjarpranowo @urbansneakersoc kebanggaan indonesia, sepatunya keren pak ganjar. produk lokal juga nggak kaleng kualitasnya. mantap""",2
"@NinaCarla07 Ganjar ini sudah 10 tahun memimpin jateng, dan hasilnya cukup memuaskan, semua kebijakan di Jateng merupakan hasil dari kepemimpinannya bukan dari pihak manapun termasuk partainya.",2
@blantik_pedhet1 @jokowi @gibran_tweet @prabowo Setuju bang ðŸ’ªðŸ’ªðŸ‡®ðŸ‡© Dengan tdk memilih prabowo bukan berarti benci JOKOWI. Memang dari dulu sy tdk mendukung prabowo tapi mendukung jokowi . Sekarang waktu nya  Ganjar mahfud sebagai  Presiden dan wakil presiden dgn atau tanpa telunjuk pak jokowi ðŸ¤ŸðŸ’ªðŸ’ª https://t.co/f8Y6HWZFjz,2
@Melihat_Indo @ganjarpranowo Bersama pak Ganjar Indonesia bisa berubah dan akan selalu ada keadilan bagi semua masyarakat,2
@muhammadsyakur2 @andre_rosiade @saifulmujani And pendukung Anies ngga akan milih Ganjar juga ðŸ˜‚,1
@ganjarpranowo @mohmahfudmd Jangan ragu untuk memilih pak Ganjar pranowo pemimpin yang hebat dan selalu merakyat terhadap rakyat nya,2
@ganjarpranowo @urbansneakersoc Suka sekali dngn pak ganjar yg support brand local,2
@Gus_Raharjo Tetap fokus mendukung pak Ganjar dan pak Mahfud.ðŸ¤ŸðŸ¤Ÿ,2
@TeddGus Kalau Gibran jadi cawapres nya Ganjar pasti cocot mu lebih berbusa busa dan demo bersilit silit. Untung nya partai pengusung Ganjar patuh konstitusi.,2
"@sandiuno Oh satu lagi mas, koq saya lihat brandingnya mas @ganjarpranowo itu gak jelas, semua calon punya branding yg kuat termasuk Pak @mohmahfudmd itu punya tapi mas Ganjar gak punya sepertinya lalu gimana jualannya?",1
"@ganjarpranowo @mohmahfudmd Terus kan perjuangan Pak Soekarno untuk mengamal kan Pancasila dalam memimpin bangsa ini ,salam sukses Pak Ganjar",2
@cursedkidd gemini biasanya milihnya ganjar,2
@ganjarpranowo @mohmahfudmd Masyaallah betul yang disampaikan Pak Ganjar. Kekuasaan Allah lebih dari segalanya.ðŸ¤©,2
@ganjarpranowo @urbansneakersoc Bagus melihat pemimpin seperti Pak Ganjar yang memperlihatkan bangga akan barang-barang lokal.,2
"@Melihat_Indo @ganjarpranowo kecewa dgn keadaan konstitusi sekarang dan netralitas presiden, tpi bahagia melihat sambutan rakyat Bali untuk pak Ganjar",2
@Gus_Raharjo @JimlyAs Selalu tetap stayy hanya dukung pak ganjar Mahfud selalu,2
@Melihat_Indo @ganjarpranowo Pak ganjar tuh niat nya tulus ikhlas mensejahterakan rakyat Indonesia,2
@Gus_Raharjo @indahtamara36 @JimlyAs Wah nggak yakin si... tapi kalou pak Ganjar - Mahfud gua percaya,2
@ganjarpranowo @urbansneakersoc Apresiasi tinggi untuk Pak Ganjar yang selalu mendorong kita semua untuk mendukung produk-produk dari daerah kita.,2
@ganjarpranowo @mohmahfudmd Dukung selalu pak Ganjar pranowo capres 2024 sukses selalu pak Ganjar,2
@kurawa Padahal SMRC tuh pro Ganjar. Lihat saja Saiful Mujani cela politik Dinasti Jokowi dan MK. Eh hasilnya tetep menang Prabowo Gibran. Salut sama independensi survey SMRC,0
@ganjarpranowo @urbansneakersoc Pak Ganjar ternyata suka dengan produk lokal Indonesia. Pak Ganjar semoga bisa membawa produk lokal Indonesia makin berkembang,2
@Gus_Raharjo @JimlyAs Fokus dukung terus pak ganjar,2
Semua mendukung Ganjar Presiden   #GanjarMahmud2024 https://t.co/uJ3F7TKu4r,2
"@MkomEliya @aniesbaswedan Lah kok bandingin aksi Palestina dgn Aksi Politik. Nggak punya hati lu. Ini kan agenda bersama, Puan aja kabarnya ikut. Udahlah mau ngomong apapun Fondasi 212 itu masa PKS dan FPI. PKS udah ke Anies, FPI sudah jelas tidak ke Ganjar ataupun Bowo. Tinggal tunggu waktunya saja ðŸ¤ªðŸ˜",0
Semua mendukung Ganjar Presiden   #GanjarMahmud2024 https://t.co/GzzKc4WSMQ,2
@Gus_Raharjo Pak Ganjar presiden pilihanku,2
@Melihat_Indo @ganjarpranowo Semakin yakin dengan Pak Ganjar,2
"@Melihat_Indo @ganjarpranowo Meskipun pak Ganjar di diskriminasi, tpi rakyat Bali tau siapa pemimpin yg harus dipilih",2
Semua mendukung Ganjar Presiden   #GanjarMahmud2024 https://t.co/sLYPqY1nZ9,2
@ganjarpranowo @urbansneakersoc Asli pa Ganjar ituh memang calon pemimpin yg sangat sangat terbaik deh dan beliau tuh sanagt lah bermasyarakat dan selalu hambel   trus beliau juga cinta dengn produk lokal lagi ðŸ˜˜ðŸ¥°ðŸ¥°ðŸ¥°ðŸ¥°,2
"@ganjarpranowo @urbansneakersoc Pride lokal adalah kunci keberlanjutan ekonomi daerah, dan saya senang melihat Pak Ganjar mendukungnya.",2
@Melihat_Indo @ganjarpranowo Hati pak Ganjar tulus jadi gak akan mungkin mau menyakiti rakyat,2
"@ruhutsitompul Gue Purno, bukan Ganjar.",1
@ganjarpranowo @urbansneakersoc Keberpihakan Pak Ganjar terhadap produk lokal adalah contoh nyata dukungan terhadap UKM dan produsen lokal.,2
Haduh pak Ganjar ini terlalu kontroversi memang dan terlalu banyak #Megawaty #wanitaperisai #ganjarsukavideoporno  https://t.co/bsKGBFh0Rp persoalkan-ganjar-yang-suka-nonton-video-porno/,1
Mari Bergerak bersama untuk menangkan Ganjar - Mahfud untuk indonesia yang lebih unggul .  Salam 3 jari bolooo ðŸ¤ŸðŸ¤ŸðŸ¤Ÿ  ðŸš€ðŸš€ðŸš€ https://t.co/PL5iULB0iM,2
@Melihat_Indo @ganjarpranowo Yakin jika pak Ganjar Mahfud gak Akan mengecewakan kita semua karena beliau orang baik,2
@Dennysiregar7 Westalaaahhh... Kalah kalah Ganjar d thn ini... Periode selanjutnya tetep kalah lagi sama Gibran... ðŸ˜‚ðŸ¤£ðŸ˜‚ðŸ¤£ Niat pdip yg mau berkuasa 20thn lg musnah sudah...ðŸ˜‚ðŸ¤£ðŸ˜‚ðŸ¤£,1
"@ganjarpranowo @urbansneakersoc Wah makin banyak pihak yang mendukung produk lokal jadi senang melihatnya, tuhkan pak Ganjar aja keliatan keren banget",2
"@ganjarpranowo @urbansneakersoc Produk lokal Indonesia gk kalah keren dengan produk impor, Pak Ganjar Cocok pakai sepatu barunya",2
@tvOneNews Ganjar sudah lebih dahulu melakukan itu dengan menolak timnas Israel untuk  datang ke Infonesia.,2
Semua mendukung Ganjar Presiden   #GanjarMahmud2024 https://t.co/mMTHJCc8GZ,2
@Gus_Raharjo Saya yakin pak ganjar terbaik,2
@ganjarpranowo @urbansneakersoc Saya sangat menghargai komitmen Pak Ganjar dalam mendukung produk lokal. Itu membantu memajukan perekonomian daerah.,2
@ganjarpranowo @urbansneakersoc Kalau kaya gini mah kita harus all ini pa Ganjar pokonya. Ini nih calon pemimpin yg tebaik,2
"@Melihat_Indo @ganjarpranowo Saya yakin pak Ganjar pemimpin yg amanah, beliau tidak akan mengecewakan pendukung nya",2
@Gus_Raharjo @wqorlds Semakin yakin deh pilih pak Ganjar untuk jadi pemimpin RI selanjutnya,2
Yu minta maaf aja pak supaya ga jadi blunder terus dengan pernyataan nya  #Megawaty #wanitaperisai #ganjarsukavideoporno  https://t.co/2udgc6E5G4 perisai-megawaty-kembali-persoalkan-ganjar-suka-video-porno,1
"@wellymerukh @ch_chotimah2 Sdh basi.. Org2 jg sdh cerdas, klo nonton bokep itu bagi org dewasa adalah hal yg wajar. Lu, bapak lu tdk menutup kemungkinan penonton bokep jg. Nah yg tdk wajar itu melabrak aturan demi syahwat politik. Ganjar berani jujur, drpd org penghinanya diam2 penikmat bokepðŸ˜",2
Relawan Ganjar dan Mahfud optimis menang satu putaran #GanjarMahfud2024 https://t.co/SPueSHthXB,2
Relawan Ganjar dan Mahfud optimis menang satu putaran #GanjarMahfud2024 https://t.co/7VyZaZrBeu,2
Relawan Ganjar dan Mahfud optimis menang satu putaran #GanjarMahfud2024 https://t.co/tTUgXlX0oN,2
"@anagustini @Uki23 @psi_id SMRC kan timnya Ganjar, kalo kalah jauh ya ga bakal dirilis lahðŸ¤­",2
"@ganjarpranowo @urbansneakersoc Wah keren pak Ganjar sepatu barunya, ternyata produk lokal Indonesia keren keren ya pak",2
"@alextham878 @jarotreog Kagak perduli Boby, kagak perduli banteng, yang jelas Ganjar-Mahfud pilihan gua, titik.",2
"Pernyataan pak Ganjar di podcast memang blunder,ga ada salah nya kok untuk meminta maaf demi citra yang baik  #Megawaty #wanitaperisai #ganjarsukavideoporno  https://t.co/8vkBw8ZATO",1
â”â”â”ð’¢ð’¶ð“ƒð’¿ð’¶ð“‡ð‘€ð’¶ð’½ð’»ð“Šð’¹ â”â”â” Ganjar Pranowo menghadiri acara Silatarahmi Kerja Nasional Ikatan Cendekiawan Muslim (ICMI) se-Indonesia 2023 pada Sabtu (4/11).  @ganjarpranowo @mohmahfudmd #GanjarMahfud2024 #SahabatGanjar #GanjarPresiden #GanjarUntukSemua https://t.co/dRxlCANJnK,2
"@alextham878 Kenapa pusing...., toh gibran kan iparnya bobby. Masa seorang ipar nggk dukung. Soal bobby nyatakan jadi team sukses ganjar...itukan hal biasa bagi mereka. Hari ini bilang A besok pasti bilang B.",1
@OposisiCerdas @gm_gm ...KAMU MUNAFIK...SELAMA INI KAMU SELALU DUKUNG JOKOWI DG SEGALA TINDAKANNYA.. SEKARANG HANYA KARENA DIA TIDAK DUKUNG GANJAR LAMU PURA2 BARU SADAR...KAMU PENUH MUSLIHAT..KAMI TAHU APA YG DI DALAM HATIMU...,1
"@Gus_Raharjo Woww, emang paling bener pilih Ganjar Mahfud deh",2
"Ganjar: Kami Tak Bisa Gerakkan Alat Negara, yang Bisa Gerak Bersama Rakyat  @ganjarpranowo  memberikan pidato politiknya di hadapan massa pendukungnya di GOR Jatidiri, Kota Semarang.   Ganjar Pranowo mengajak para kader dan simpatisan untuk bersatu bersama-sama memenangkanâ€¦ https://t.co/ZHJzGkN1a0",2
"Berdasarkan hasil studi dari World Bank dan Kementerian PPN/BAPPENAS (2021) mengenai â€œKetahanan Air Indonesiaâ€, Pak Prabowo @prabowo #PrabowoGibranIstimewa #BersamaIndonesiaMaju",2
@liputan6dotcom Harus gigih pak berjuang untuk mendapatkan kursi singgasana jabatan tertinggi jangan pernah berhenti semangat selama nyawa masih di badan  Tahun 2024 gagal lagi masih ada waktu capres lagi 2029 tetap semangat jaga kesehatan dan jangan lupa minum obat kuat @prabowo @ganjarpranowo,2
Pembangunan 61 waduk baru ini ditargetkan akan selesai semua pada akhir 2024. @prabowo #KodeKita08 ##PrabowoGibranIstimewa #BersamaIndonesiaMaju,2
"Dengan 16 bendungan yang sudah selesai, kita sudah menambah tampungan air sejumlah 1,5 miliar meter kubik. @prabowo #KodeKita08 ##PrabowoGibranIstimewa #BersamaIndonesiaMaju",2
Dalam forum tersebut Prabowo Subianto mengatakan bahwa Indonesia adalah salah satu negara yg paling beruntung dibandingkan dgn banyak negara lain. @prabowo #KodeKita08 #PrabowoGibranIstimewa #BersamaIndonesiaMaju,2
"bersumber dari Undang-Undang Cipta Kerja dan Undang-Undang Nomor 17 tahun 2019 tentang Sumber Daya Air tentang penyediaan air minum, sumber daya air, pengelolaan sumber daya air, dan irigasi. @prabowo #KodeKita08 ##PrabowoGibranIstimewa #BersamaIndonesiaMaju",2
Indonesia juga sadar betul betapa pentingnya air. Tak heran kalau pemerintahan Joko Widodo memprioritaskan ketahanan air dalam periode keduanya ini. @prabowo #KodeKita08 ##PrabowoGibranIstimewa #BersamaIndonesiaMaju,2
"@DediMulyadi71 @prabowo Dedi dgn Opa wajarlah saling mendukung,soalnya samajomblo ditinggal bini.""",1
Kemudian apa sih yang di maksud dengan ketahanan pangan tersebut ? @prabowo #KodeKita08 #PrabowoGibranIstimewa #BersamaIndonesiaMaju,2
"Hingga minggu pertama Desember 2019, capaian pembangunan waduk mencapai 61 bendungan, yang terdiri dari 45 bendungan baru yang sedang dibangunn 16 bendungan sudah selesai. @prabowo #KodeKita08 ##PrabowoGibranIstimewa #BersamaIndonesiaMaju",2
"Pak @prabowo, kebangkitan Indonesia tidak bisa dengan merekayasan putusan MK dan dimulai dari politik Dinasti. Publik menilai bapak cuma petugasnya Jokowi saat ini, lain tidak.",1
"Jika tak dikelola dengan baik, maka dampak buruknya akan serius. â€œUntuk itu pemerintah perlu mengambil langkah-langkah untuk memperkuat ketahanan air, @prabowo #KodeKita08 ##PrabowoGibranIstimewa #BersamaIndonesiaMaju",2
"Hingga minggu pertama Desember 2019, capaian pembangunan waduk mencapai 61 bendungan, yang terdiri dari 45 bendungan baru yang sedang dibangunn 16 bendungan sudah selesai. @prabowo #KodeKita08 ##PrabowoGibranIstimewa #BersamaIndonesiaMaju",2
@Rudi58985524 @ismailfahmi Itu bukan prabowo tapi cipung,2
"@tifsembiring Hati2 dia AU-MK bicaranya berlindung ke Agama ! Dia harus dicopot diganti, dan pidananya dilanjutkan ke Penyidik. KPU dan Bawaslu masih pakai aturan lama, jadi tidak syah cawapresnya. Solusinya ya Capres Prabowo tetap sah jadi cari mengusulkan ganti misal  Prabowo+Erlangga",1
"dalam memperkuat sistem ketahanan pangan, mengamankan rantai pasokan dan melawan kelaparan dunia. @prabowo #KodeKita08 #PrabowoGibranIstimewa #BersamaIndonesiaMaju",2
"Begitu pentingnya air bagi kehidupan ini, membuat Benjamin Franklin, salah satu bpk bangsa Amerika Serikat itu pernah berujar, â€œKetika sumur-sumur telah kering, barulah kita sadar betapa berharganya air.â€ @prabowo #KodeKita08 ##PrabowoGibranIstimewa #BersamaIndonesiaMaju",2
"@kananboekankiri @sigitwid Pak prabowo, terima kasih atas ketidakberubahannya sebagai pembohong, karena Anda membuat pilihan politik lebih jelas.",1
"@BANGSAygSUJUD Sedari awal sy tidak percaya Prabowo terlibat tragedi 1998, apalagi dituduh sebagai pelaku utama bahkan dalangnya. Kl diberi tugas oleh atasannya mengamankan 9 org itu beliau akui,dn dikembalikan dg selamat. Tp pembenci Prabowo memfitnah dg keji smp dibawa mati",1
"Menurut Hari Suprayogi, Direktur Jenderal Sumber Daya Air, pada 2015-2020 target Presiden Jokowi adalah membangun 65 waduk besar. @prabowo #KodeKita08 ##PrabowoGibranIstimewa #BersamaIndonesiaMaju",2
